{"cameraMode":{"drawMode":0,"name":"Shaded","section":"Shading Mode"},"sceneLighting":false,"audioPlay":false,"sceneViewState":{"m_AlwaysRefresh":false,"showFog":true,"showSkybox":false,"showFlares":true,"showImageEffects":true,"showParticleSystems":true,"showVisualEffectGraphs":true,"m_FxEnabled":true},"in2DMode":false,"pivot":{"x":5163.07666015625,"y":-1979.9527587890625,"z":110.96414947509766},"rotation":{"x":0.03630082309246063,"y":-0.007185529917478561,"z":0.0002519032859709114,"w":0.9992924928665161},"size":6565.35009765625,"orthographic":false}