{"cameraMode":{"drawMode":0,"name":"Shaded","section":"Shading Mode"},"sceneLighting":false,"audioPlay":false,"sceneViewState":{"m_AlwaysRefresh":false,"showFog":true,"showSkybox":false,"showFlares":true,"showImageEffects":true,"showParticleSystems":true,"showVisualEffectGraphs":true,"m_FxEnabled":true},"in2DMode":false,"pivot":{"x":-0.08572518825531006,"y":-0.006267040967941284,"z":-0.008057117462158203},"rotation":{"x":-0.09465120732784271,"y":0.018512459471821786,"z":-0.0017605925677344204,"w":-0.9953349828720093},"size":0.7697892785072327,"orthographic":false}